index,date,us,uk,jp,euro,kor,ind,tw,br,gold,kor3y,kor10y,us3y,us10y
1990.0,2022-09-19,1666.199951171875,59141.23046875,111824.0,,11535.01953125,2355.659912109375,,3499.489990234375,14425.6796875,3.758,3.799,3.903,3.494
1991.0,2022-09-20,1659.699951171875,59719.73828125,112517.0,7192.7001953125,11425.0498046875,2367.85009765625,27688.419921875,3467.090087890625,14549.2998046875,3.789,3.82,3.942,3.569
1992.0,2022-09-21,1664.5999755859375,59456.78125,111936.0,7237.60009765625,11220.1904296875,2347.2099609375,27313.130859375,3491.8701171875,14424.51953125,3.86,3.903,4.011,3.534
1993.0,2022-09-22,1670.800048828125,59119.71875,114070.0,7159.5,11066.8095703125,2332.31005859375,27153.830078125,3427.139892578125,14284.6298828125,4.063,3.987,4.133,3.71
1994.0,2022-09-23,1645.300048828125,58098.921875,111716.0,7018.60009765625,10867.9296875,2290.0,26973.26025390625,3348.60009765625,14118.3798828125,4.13,4.107,4.223,3.687
1995.0,2022-09-24,1637.9667154947917,57781.020833333336,110848.66666666667,7019.400065104167,10846.259765625,2266.97998046875,26792.6904296875,3346.5867513020835,14004.9833984375,4.2,4.127,4.288333333333333,3.767333333333333
1996.0,2022-09-25,1630.6333821614583,57463.119791666664,109981.33333333333,7020.200032552083,10824.58984375,2243.9599609375,26612.12060546875,3344.5734049479165,13891.5869140625,4.2,4.127,4.353666666666666,3.8476666666666666
1997.0,2022-09-26,1623.300048828125,57145.21875,109114.0,7021.0,10802.919921875,2220.93994140625,26431.55078125,3342.56005859375,13778.1904296875,4.463,4.302,4.419,3.928
1998.0,2022-09-27,1626.699951171875,57107.51953125,108376.0,6984.60009765625,10829.5,2223.860107421875,26571.869140625,3328.64990234375,13826.58984375,4.294,4.206,4.374,3.949
1999.0,2022-09-28,1660.4000244140625,56598.28125,108451.0,7005.39990234375,11051.6396484375,2169.2900390625,26173.98046875,3335.300048828125,13466.0703125,4.216,4.231,4.156,3.737
2000.0,2022-09-29,1658.5,56409.9609375,107664.0,6881.60009765625,10737.509765625,2170.929931640625,26422.05078125,3279.0400390625,13534.259765625,4.323,4.227,4.214,3.782
2001.0,2022-09-30,1662.4000244140625,57426.921875,110037.0,6893.7998046875,10575.6201171875,2155.489990234375,25937.2109375,3318.199951171875,13424.580078125,4.214,4.109,4.285,3.829
2002.0,2022-10-01,1672.5666910807292,57214.217447916664,112069.33333333333,6898.7998046875,10655.556640625,2168.9624633789062,26030.0703125,3326.18994140625,13383.213541666666,4.185,4.082,4.227666666666667,3.767
2003.0,2022-10-02,1682.7333577473958,57001.513020833336,114101.66666666667,6903.7998046875,10735.4931640625,2182.4349365234375,26122.9296875,3334.179931640625,13341.847005208334,4.185,4.082,4.170333333333334,3.705
2004.0,2022-10-03,1692.9000244140625,56788.80859375,116134.0,6908.7998046875,10815.4296875,2195.9074096679688,26215.7890625,3342.169921875,13300.48046875,4.185,4.082,4.113,3.643
2005.0,2022-10-04,1721.0999755859375,58065.46875,116230.0,7086.5,11176.41015625,2209.3798828125,26992.2109375,3484.47998046875,13576.51953125,4.084,4.007,4.102,3.635
2006.0,2022-10-05,1711.4000244140625,58143.78515625,117198.0,7052.60009765625,11148.6396484375,2215.219970703125,27120.529296875,3447.719970703125,13801.4296875,4.142,4.068,4.166,3.755
2007.0,2022-10-06,1711.699951171875,58222.1015625,117561.0,6997.2998046875,11073.3095703125,2237.860107421875,27311.30078125,3433.449951171875,13892.0498046875,4.14,4.102,4.273,3.828
2008.0,2022-10-07,1700.5,58191.2890625,116375.0,6991.10009765625,10652.400390625,2232.840087890625,27116.109375,3375.4599609375,13702.2802734375,4.275,4.216,4.349,3.888
2009.0,2022-10-08,1689.433349609375,58124.5625,116230.33333333333,6980.5,10615.633463541666,2222.6475830078125,26937.39453125,3369.2666015625,13553.2177734375,4.278,4.21,4.3500000000000005,3.910333333333333
2010.0,2022-10-09,1678.36669921875,58057.8359375,116085.66666666667,6969.89990234375,10578.866536458334,2212.455078125,26758.6796875,3363.0732421875,13404.1552734375,4.278,4.21,4.351,3.9326666666666665
2011.0,2022-10-10,1667.300048828125,57991.109375,115941.0,6959.2998046875,10542.099609375,2202.2625732421875,26579.96484375,3356.8798828125,13255.0927734375,4.278,4.21,4.352,3.955
2012.0,2022-10-11,1678.699951171875,57147.3203125,114827.0,6885.2001953125,10426.1904296875,2192.070068359375,26401.25,3340.35009765625,13106.0302734375,4.342,4.304,4.35,3.945
2013.0,2022-10-12,1670.300048828125,57625.91015625,114563.5,6826.2001953125,10417.099609375,2202.469970703125,26396.830078125,3331.530029296875,13081.240234375,4.109,4.117,4.314,3.902
2014.0,2022-10-13,1670.0,57235.328125,114300.0,6850.2998046875,10649.150390625,2162.8701171875,26237.419921875,3362.39990234375,12810.73046875,4.203,4.246,4.45,3.95
2015.0,2022-10-14,1641.699951171875,57919.96875,112072.0,6858.7998046875,10321.3896484375,2212.550048828125,27090.759765625,3381.72998046875,13128.1201171875,4.219,4.2,4.501,4.023
2016.0,2022-10-15,1646.7999674479167,58083.639322916664,112589.33333333333,6879.2666015625,10439.5263671875,2214.9366861979165,26985.76953125,3401.699951171875,13074.0966796875,4.2,4.18,4.481,4.019333333333333
2017.0,2022-10-16,1651.8999837239583,58247.309895833336,113106.66666666667,6899.7333984375,10557.6630859375,2217.3233235677085,26880.779296875,3421.669921875,13020.0732421875,4.2,4.18,4.461,4.015666666666666
2018.0,2022-10-17,1657.0,58410.98046875,113624.0,6920.2001953125,10675.7998046875,2219.7099609375,26775.7890625,3441.639892578125,12966.0498046875,4.231,4.2,4.441,4.012
2019.0,2022-10-18,1649.0,58960.6015625,115743.0,6936.7001953125,10772.400390625,2249.949951171875,27156.140625,3463.830078125,13124.6796875,4.236,4.274,4.43,4.007
2020.0,2022-10-19,1627.5,59107.19140625,116274.0,6925.0,10680.509765625,2237.43994140625,27257.380859375,3471.239990234375,12976.759765625,4.323,4.378,4.569,4.138
2021.0,2022-10-20,1630.800048828125,59202.8984375,117171.0,6943.89990234375,10614.83984375,2218.090087890625,27006.9609375,3492.85009765625,12946.099609375,4.319,4.415,4.652,4.233
2022.0,2022-10-21,1651.0,59307.1484375,119929.0,6969.7001953125,10859.7197265625,2213.1201171875,26890.580078125,3476.6298828125,12819.2001953125,4.495,4.655,4.519,4.219
2023.0,2022-10-22,1650.2333170572917,59481.985677083336,118623.66666666667,6984.466796875,10890.683268229166,2220.800048828125,26918.686848958332,3493.6832682291665,12831.793619791666,4.462,4.62,4.523,4.2283333333333335
2024.0,2022-10-23,1649.4666341145833,59656.822916666664,117318.33333333333,6999.2333984375,10921.646809895834,2228.47998046875,26946.793619791668,3510.7366536458335,12844.387044270834,4.462,4.62,4.527,4.237666666666667
2025.0,2022-10-24,1648.699951171875,59831.66015625,116013.0,7014.0,10952.6103515625,2236.159912109375,26974.900390625,3527.7900390625,12856.98046875,4.299,4.485,4.531,4.247
2026.0,2022-10-25,1652.800048828125,59543.9609375,114626.0,7013.5,11199.1201171875,2235.070068359375,27250.279296875,3585.580078125,12666.1201171875,4.238,4.385,4.457,4.1
2027.0,2022-10-26,1664.0,59650.400390625,112764.0,7056.10009765625,10970.990234375,2249.56005859375,27431.83984375,3605.31005859375,12729.0498046875,4.189,4.255,4.386,4.007
2028.0,2022-10-27,1660.699951171875,59756.83984375,114641.0,7073.7001953125,10792.669921875,2288.780029296875,27345.240234375,3604.510009765625,12926.3701171875,4.208,4.27,4.249,3.927
2029.0,2022-10-28,1639.5999755859375,59959.8515625,114539.0,7047.7001953125,11102.4501953125,2268.39990234375,27105.19921875,3613.02001953125,12788.419921875,4.106,4.163,4.366,4.01
2030.0,2022-10-29,1638.3666585286458,60222.09765625,115038.33333333333,7063.300130208333,11064.350260416666,2276.8033040364585,27265.953125,3614.5266927083335,12842.196614583334,4.12,4.175,4.390666666666666,4.023333333333333
2031.0,2022-10-30,1637.1333414713542,60484.34375,115537.66666666667,7078.900065104167,11026.250325520834,2285.2067057291665,27426.70703125,3616.0333658854165,12895.973307291666,4.12,4.175,4.415333333333334,4.036666666666666
2032.0,2022-10-31,1635.9000244140625,60746.58984375,116037.0,7094.5,10988.150390625,2293.610107421875,27587.4609375,3617.5400390625,12949.75,4.189,4.255,4.44,4.05
2033.0,2022-11-01,1645.0,61121.3515625,116929.0,7186.2001953125,10890.849609375,2335.219970703125,27678.919921875,3651.02001953125,13037.2099609375,4.084,4.171,4.503,4.048
2034.0,2022-11-02,1645.699951171875,60906.08984375,116912.5,7144.10009765625,10524.7998046875,2336.8701171875,27663.390625,3622.010009765625,13100.169921875,4.107,4.15,4.558,4.096
2035.0,2022-11-03,1627.300048828125,60836.41015625,116896.0,7188.60009765625,10342.9404296875,2329.169921875,27431.5654296875,3593.179931640625,12986.599609375,4.172,4.203,4.648,4.149
2036.0,2022-11-04,1672.5,60950.359375,118155.0,7334.7998046875,10475.25,2348.429931640625,27199.740234375,3688.330078125,13026.7099609375,4.109,4.178,4.591,4.163
2037.0,2022-11-05,1673.8333333333333,61028.622395833336,117217.33333333333,7323.199869791667,10505.006510416666,2356.2166341145835,27309.040364583332,3695.1534016927085,13092.383463541666,4.125,4.19,4.6113333333333335,4.181333333333334
2038.0,2022-11-06,1675.1666666666667,61106.885416666664,116279.66666666667,7311.599934895833,10534.763020833334,2364.0033365885415,27418.340494791668,3701.9767252604165,13158.056966145834,4.125,4.19,4.631666666666667,4.199666666666666
2039.0,2022-11-07,1676.5,61185.1484375,115342.0,7300.0,10564.51953125,2371.7900390625,27527.640625,3708.800048828125,13223.73046875,4.191,4.268,4.652,4.218
2040.0,2022-11-08,1712.0999755859375,61109.349609375,116160.0,7306.10009765625,10616.2001953125,2399.0400390625,27872.109375,3739.280029296875,13347.759765625,4.162,4.242,4.565,4.128
2041.0,2022-11-09,1710.0999755859375,61033.55078125,113580.0,7296.2998046875,10353.169921875,2424.409912109375,27716.4296875,3728.030029296875,13638.8095703125,4.075,4.168,4.489,4.099
2042.0,2022-11-10,1750.300048828125,60613.69921875,109775.0,7375.2998046875,11114.150390625,2402.22998046875,27446.099609375,3846.56005859375,13503.759765625,4.04,4.089,4.178,3.811
2043.0,2022-11-11,1766.0,61795.0390625,112253.0,7318.0,11323.330078125,2483.159912109375,28263.5703125,3868.5,14007.5595703125,3.836,3.891,4.192,3.824
2044.0,2022-11-12,1768.5333251953125,61738.075520833336,112555.66666666667,7340.400065104167,11280.9599609375,2480.3232421875,28163.537109375,3874.836669921875,14063.33984375,3.833,3.9,4.206,3.837
2045.0,2022-11-13,1771.066650390625,61681.111979166664,112858.33333333333,7362.800130208333,11238.58984375,2477.486572265625,28063.50390625,3881.17333984375,14119.1201171875,3.833,3.9,4.22,3.85
2046.0,2022-11-14,1773.5999755859375,61624.1484375,113161.0,7385.2001953125,11196.2197265625,2474.64990234375,27963.470703125,3887.510009765625,14174.900390625,3.849,3.927,4.234,3.863
2047.0,2022-11-15,1773.800048828125,61872.98828125,111702.0,7369.39990234375,11358.41015625,2480.330078125,27990.169921875,3915.090087890625,14546.3095703125,3.757,3.872,4.142,3.777
2048.0,2022-11-16,1773.0,61980.71875,110243.0,7351.2001953125,11183.66015625,2477.449951171875,28028.30078125,3882.780029296875,14537.349609375,3.803,3.891,4.144,3.69
2049.0,2022-11-17,1760.800048828125,61750.6015625,109703.0,7346.5,11144.9599609375,2442.89990234375,27930.5703125,3878.419921875,14535.23046875,3.799,3.854,4.222,3.769
2050.0,2022-11-18,1751.9000244140625,61663.48046875,108880.0,7385.5,11146.0595703125,2444.47998046875,27899.76953125,3924.840087890625,14504.990234375,3.806,3.811,4.297,3.829
2051.0,2022-11-19,1747.0666910807292,61490.600260416664,109169.33333333333,7382.63330078125,11105.54296875,2436.1533203125,27914.776041666668,3919.6534016927085,14486.456705729166,3.787,3.796,4.3053333333333335,3.832666666666667
2052.0,2022-11-20,1742.2333577473958,61317.720052083336,109458.66666666667,7379.7666015625,11065.0263671875,2427.82666015625,27929.782552083332,3914.4667154947915,14467.923177083334,3.787,3.796,4.313666666666666,3.836333333333333
2053.0,2022-11-21,1737.4000244140625,61144.83984375,109748.0,7376.89990234375,11024.509765625,2419.5,27944.7890625,3909.280029296875,14449.3896484375,3.833,3.763,4.322,3.84
2054.0,2022-11-22,1738.300048828125,61418.9609375,109037.0,7452.7998046875,11174.41015625,2405.27001953125,28115.740234375,3929.89990234375,14542.2001953125,3.829,3.77,4.288,3.758
2055.0,2022-11-23,1744.9000244140625,61510.578125,108683.0,7465.2001953125,11285.3203125,2418.010009765625,28249.4150390625,3946.43994140625,14608.5400390625,3.859,3.783,4.22,3.689
2056.0,2022-11-24,1749.1000366210938,62272.6796875,111831.0,7466.60009765625,11255.84033203125,2441.330078125,28383.08984375,3961.989990234375,14784.0,3.687,3.623,4.181,3.661
2057.0,2022-11-25,1753.300048828125,62293.640625,108977.0,7486.7001953125,11226.3603515625,2437.860107421875,28283.029296875,3962.409912109375,14778.509765625,3.647,3.623,4.216,3.691
2058.0,2022-11-26,1748.9000244140625,62364.02734375,108912.0,7482.466796875,11167.406901041666,2427.9967447916665,28242.962890625,3953.4432779947915,14704.6298828125,3.64,3.613,4.2123333333333335,3.687
2059.0,2022-11-27,1744.5,62434.4140625,108847.0,7478.2333984375,11108.453450520834,2418.1333821614585,28202.896484375,3944.4766438802085,14630.75,3.64,3.613,4.208666666666667,3.683
2060.0,2022-11-28,1740.0999755859375,62504.80078125,108782.0,7474.0,11049.5,2408.27001953125,28162.830078125,3935.510009765625,14556.8701171875,3.67,3.61,4.205,3.679
2061.0,2022-11-29,1748.4000244140625,62681.83984375,110910.0,7512.0,10983.7802734375,2433.389892578125,28027.83984375,3934.43994140625,14709.6396484375,3.723,3.672,4.247,3.75
2062.0,2022-11-30,1746.0,63099.6484375,112486.0,7573.10009765625,11468.0,2472.530029296875,27968.990234375,3964.719970703125,14879.5498046875,3.666,3.654,4.066,3.611
2063.0,2022-12-01,1801.0999755859375,63284.19140625,110926.0,7558.5,11482.4501953125,2479.840087890625,28226.080078125,3984.5,15012.7998046875,3.657,3.666,3.967,3.51
2064.0,2022-12-02,1795.9000244140625,62868.5,111924.0,7556.2001953125,11461.5,2434.330078125,27777.900390625,3977.89990234375,14970.6796875,3.617,3.585,3.997,3.492
2065.0,2022-12-03,1786.4000244140625,62857.200520833336,111083.0,7559.966796875,11387.646809895834,2429.3267415364585,27792.067057291668,3970.776611328125,14974.033203125,3.615,3.575,4.04,3.522333333333333
2066.0,2022-12-04,1776.9000244140625,62845.901041666664,110242.0,7563.7333984375,11313.793619791666,2424.3234049479165,27806.233723958332,3963.6533203125,14977.38671875,3.615,3.575,4.083,3.552666666666666
2067.0,2022-12-05,1767.4000244140625,62834.6015625,109401.0,7567.5,11239.9404296875,2419.320068359375,27820.400390625,3956.530029296875,14980.740234375,3.617,3.564,4.126,3.583
2068.0,2022-12-06,1769.300048828125,62626.359375,109533.0,7521.39990234375,11014.8896484375,2393.159912109375,27885.869140625,3939.18994140625,14728.8798828125,3.634,3.503,4.103,3.531
2069.0,2022-12-07,1785.5,62410.6796875,109361.0,7489.2001953125,10958.5498046875,2382.81005859375,27686.400390625,3920.89990234375,14630.009765625,3.666,3.51,3.995,3.421
2070.0,2022-12-08,1788.699951171875,62570.6796875,107245.0,7472.2001953125,11082.0,2371.080078125,27574.4296875,3921.27001953125,14553.0400390625,3.671,3.527,4.054,3.489
2071.0,2022-12-09,1798.0999755859375,62181.671875,107689.0,7476.60009765625,11004.6201171875,2389.0400390625,27901.009765625,3942.6201171875,14705.4296875,3.583,3.445,4.098,3.586
2072.0,2022-12-10,1792.2333170572917,62164.638020833336,106880.66666666667,7466.400065104167,11050.993489583334,2383.7000325520835,27881.449869791668,3935.686767578125,14674.483072916666,3.583,3.445,4.110333333333333,3.5963333333333334
2073.0,2022-12-11,1786.3666585286458,62147.604166666664,106072.33333333333,7456.200032552083,11097.366861979166,2378.3600260416665,27861.889973958332,3928.75341796875,14643.536458333334,3.583,3.445,4.1226666666666665,3.6066666666666665
2074.0,2022-12-12,1780.5,62130.5703125,105264.0,7446.0,11143.740234375,2373.02001953125,27842.330078125,3921.820068359375,14612.58984375,3.623,3.449,4.135,3.617
2075.0,2022-12-13,1813.9000244140625,62533.30078125,103892.0,7502.89990234375,11256.8095703125,2372.39990234375,27954.849609375,3986.830078125,14522.9599609375,3.625,3.469,3.941,3.501
2076.0,2022-12-14,1807.5,62677.91015625,103803.0,7495.89990234375,11170.8896484375,2399.25,28156.2109375,3975.260009765625,14739.3603515625,3.53,3.407,3.914,3.479
2077.0,2022-12-15,1777.199951171875,61799.03125,103738.0,7426.2001953125,10810.5302734375,2360.969970703125,28051.69921875,3835.699951171875,14734.1298828125,3.558,3.399,3.947,3.45
2078.0,2022-12-16,1790.0,61337.80859375,102825.0,7332.10009765625,10705.41015625,2360.02001953125,27527.119140625,3804.02001953125,14528.5498046875,3.538,3.362,3.908,3.488
2079.0,2022-12-17,1789.2333170572917,61493.936197916664,103393.33333333333,7341.833333333333,10652.283528645834,2357.4033203125,27430.626302083332,3806.4266764322915,14496.806640625,3.535,3.35,3.939666666666666,3.522
2080.0,2022-12-18,1788.4666341145833,61650.063802083336,103961.66666666667,7351.566569010417,10599.156901041666,2354.78662109375,27334.133463541668,3808.8333333333335,14465.0634765625,3.535,3.35,3.971333333333333,3.556
2081.0,2022-12-19,1787.699951171875,61806.19140625,104530.0,7361.2998046875,10546.0302734375,2352.169921875,27237.640625,3811.239990234375,14433.3203125,3.545,3.39,4.003,3.59
2082.0,2022-12-20,1815.9000244140625,61702.2890625,106979.0,7370.60009765625,10547.1103515625,2333.2900390625,26568.029296875,3802.489990234375,14170.0302734375,3.687,3.584,4.028,3.692
2083.0,2022-12-21,1815.9000244140625,61067.23828125,107313.0,7497.2998046875,10709.3701171875,2328.949951171875,26387.720703125,3872.14990234375,14234.400390625,3.646,3.567,4.0,3.673
2084.0,2022-12-22,1787.0,60826.21875,107317.0,7469.2998046875,10476.1201171875,2356.72998046875,26507.869140625,3823.2900390625,14442.9404296875,3.566,3.499,4.042,3.686
2085.0,2022-12-23,1795.9000244140625,59845.2890625,109698.0,7473.0,10497.8603515625,2313.68994140625,26235.25,3817.010009765625,14271.6298828125,3.625,3.552,4.093,3.751
2086.0,2022-12-24,1800.6250305175781,60085.666666666664,109378.0,7477.8400390625,10461.702880859375,2314.8399251302085,26292.123046875,3820.97998046875,14276.1298828125,3.615,3.551,4.092,3.748333333333333
2087.0,2022-12-25,1805.3500366210938,60326.044270833336,109058.0,7482.680078125,10425.54541015625,2315.9899088541665,26348.99609375,3824.949951171875,14280.6298828125,3.615,3.551,4.091,3.7456666666666663
2088.0,2022-12-26,1810.0750427246094,60566.421875,108738.0,7487.5201171875,10389.387939453125,2317.139892578125,26405.869140625,3828.919921875,14285.1298828125,3.664,3.64,4.09,3.743
2089.0,2022-12-27,1814.800048828125,60927.4296875,108347.0,7492.36015625,10353.23046875,2332.7900390625,26447.869140625,3832.889892578125,14328.4296875,3.661,3.612,4.169,3.849
2090.0,2022-12-28,1807.9000244140625,60910.28125,110237.0,7497.2001953125,10213.2900390625,2280.449951171875,26340.5,3808.820068359375,14173.099609375,3.668,3.675,4.181,3.886
2091.0,2022-12-29,1819.5,61133.87890625,110031.0,7512.7001953125,10478.08984375,2236.39990234375,26093.669921875,3850.070068359375,14085.01953125,3.718,3.723,4.167,3.82
2092.0,2022-12-30,1819.699951171875,60840.73828125,109117.25,7451.7001953125,10466.48046875,2233.7174072265625,26094.5,3793.6201171875,14137.6904296875,3.725,3.735,4.227,3.879
2093.0,2022-12-31,1824.699951171875,60949.755208333336,108203.5,7477.3001708984375,10446.60546875,2231.034912109375,26018.971875,3815.78759765625,14159.2978515625,3.725,3.735,4.226,3.879
2094.0,2023-01-01,1829.699951171875,61058.772135416664,107289.75,7502.900146484375,10426.73046875,2228.3524169921875,25943.44375,3837.955078125,14180.9052734375,3.725,3.735,4.2250000000000005,3.879
2095.0,2023-01-02,1834.699951171875,61167.7890625,106376.0,7528.5001220703125,10406.85546875,2225.669921875,25867.915625,3860.12255859375,14202.5126953125,3.783,3.813,4.224,3.879
2096.0,2023-01-03,1839.699951171875,61294.19921875,104166.0,7554.10009765625,10386.98046875,2218.679931640625,25792.3875,3882.2900390625,14224.1201171875,3.659,3.661,4.156,3.752
2097.0,2023-01-04,1852.800048828125,60657.44921875,105334.0,7585.2001953125,10458.759765625,2255.97998046875,25716.859375,3973.969970703125,14199.1298828125,3.632,3.598,4.11,3.69
2098.0,2023-01-05,1834.800048828125,60353.26953125,107518.0,7633.5,10305.240234375,2264.64990234375,25820.80078125,3959.47998046875,14301.0498046875,3.641,3.57,4.21,3.722
2099.0,2023-01-06,1864.199951171875,59900.37109375,108836.0,7699.5,10569.2900390625,2289.969970703125,25973.849609375,4017.830078125,14373.33984375,3.681,3.573,3.985,3.56
2100.0,2023-01-07,1867.0332845052083,60182.68359375,108966.33333333333,7707.966634114583,10591.41015625,2310.0432942708335,26024.27734375,4034.7600911458335,14499.6298828125,3.688,3.575,3.9726666666666666,3.549
2101.0,2023-01-08,1869.8666178385417,60464.99609375,109096.66666666667,7716.433268229167,10613.5302734375,2330.1166178385415,26074.705078125,4051.6901041666665,14625.919921875,3.688,3.575,3.960333333333333,3.5380000000000003
2102.0,2023-01-09,1872.699951171875,60747.30859375,109227.0,7724.89990234375,10635.650390625,2350.18994140625,26125.1328125,4068.6201171875,14752.2099609375,3.58,3.478,3.948,3.527
2103.0,2023-01-10,1871.5999755859375,60115.48046875,110912.0,7694.5,10742.6298828125,2351.31005859375,26175.560546875,4057.4599609375,14802.9599609375,3.556,3.462,3.982,3.615
2104.0,2023-01-11,1874.5999755859375,60105.5,111763.0,7725.0,10931.669921875,2359.530029296875,26446.0,4099.759765625,14751.4404296875,3.481,3.427,3.92,3.543
2105.0,2023-01-12,1895.5,59958.03125,111877.0,7794.0,11001.099609375,2365.10009765625,26449.8203125,4126.68017578125,14731.6396484375,3.466,3.413,3.811,3.444
2106.0,2023-01-13,1918.4000244140625,60261.1796875,110916.0,7844.10009765625,11079.16015625,2386.090087890625,26119.51953125,4150.7998046875,14824.1298828125,3.369,3.301,3.889,3.498
2107.0,2023-01-14,1915.6000061035156,60205.109375,110348.33333333333,7849.433430989583,11083.147705078125,2390.6800944010415,26020.453125,4152.866536458333,14858.423177083334,3.365,3.295,3.8936666666666655,3.5083333333333333
2108.0,2023-01-15,1912.7999877929688,60149.0390625,109780.66666666667,7854.766764322917,11087.13525390625,2395.2701009114585,25921.38671875,4154.933268229167,14892.716471354166,3.365,3.295,3.898333333333333,3.518666666666667
2109.0,2023-01-16,1909.9999694824219,60092.96875,109213.0,7860.10009765625,11091.122802734375,2399.860107421875,25822.3203125,4157.0,14927.009765625,3.455,3.385,3.903,3.529
2110.0,2023-01-17,1907.199951171875,60655.71875,111439.0,7851.0,11095.1103515625,2379.389892578125,26138.6796875,4174.330078125,14932.9296875,3.484,3.444,3.878,3.549
2111.0,2023-01-18,1904.4000244140625,61045.73828125,112452.0,7830.7001953125,10957.009765625,2368.320068359375,26791.119140625,4174.33984375,14976.075120192309,3.395,3.343,3.73,3.373
2112.0,2023-01-19,1922.0999755859375,60858.4296875,113006.0,7747.2998046875,10852.26953125,2380.340087890625,26405.23046875,4094.280029296875,15019.220552884615,3.24,3.213,3.772,3.399
2113.0,2023-01-20,1926.4000244140625,60621.76953125,112301.0,7770.60009765625,11140.4296875,2395.260009765625,26553.529296875,4119.89990234375,15062.365985576924,3.334,3.28,3.833,3.482
2114.0,2023-01-21,1926.6333414713542,60728.403645833336,112103.66666666667,7775.300130208333,11215.08984375,2401.922021484375,26671.032552083332,4130.20654296875,15105.51141826923,3.319,3.272,3.854333333333333,3.495
2115.0,2023-01-22,1926.8666585286458,60835.037760416664,111906.33333333333,7780.000162760417,11289.75,2408.584033203125,26788.535807291668,4140.51318359375,15148.656850961539,3.319,3.272,3.8756666666666666,3.508
2116.0,2023-01-23,1927.0999755859375,60941.671875,111709.0,7784.7001953125,11364.41015625,2415.246044921875,26906.0390625,4150.81982421875,15191.802283653846,3.319,3.272,3.897,3.521
2117.0,2023-01-24,1933.9000244140625,60978.75,113028.0,7757.39990234375,11334.26953125,2421.908056640625,27299.189453125,4153.02001953125,15234.947716346154,3.319,3.272,3.858,3.455
2118.0,2023-01-25,1941.199951171875,60205.05859375,114195.0,7744.89990234375,11313.3603515625,2428.570068359375,27395.009765625,4148.10986328125,15278.093149038461,3.285,3.23,3.841,3.451
2119.0,2023-01-26,1929.0999755859375,59767.978515625,114109.0,7761.10009765625,11512.41015625,2468.64990234375,27362.75,4173.97998046875,15321.23858173077,3.274,3.231,3.894,3.506
2120.0,2023-01-27,1928.5999755859375,59330.8984375,112502.0,7765.2001953125,11621.7099609375,2484.02001953125,27382.560546875,4178.009765625,15364.384014423076,3.304,3.283,3.897,3.507
2121.0,2023-01-28,1926.6999918619792,59387.40234375,112297.33333333333,7771.766764322917,11545.7431640625,2472.836669921875,27399.507161458332,4171.5498046875,15407.529447115385,3.31,3.287,3.915,3.518666666666667
2122.0,2023-01-29,1924.8000081380208,59443.90625,112092.66666666667,7778.333333333333,11469.7763671875,2461.6533203125,27416.453776041668,4165.08984375,15450.674879807691,3.31,3.287,3.933,3.530333333333333
2123.0,2023-01-30,1922.9000244140625,59500.41015625,111888.0,7784.89990234375,11393.8095703125,2450.469970703125,27433.400390625,4158.6298828125,15493.8203125,3.271,3.239,3.951,3.542
2124.0,2023-01-31,1929.5,59549.8984375,113532.0,7771.7001953125,11584.5498046875,2425.080078125,27327.109375,4163.4501953125,15265.2001953125,3.334,3.318,3.9,3.51
2125.0,2023-02-01,1927.800048828125,59708.078125,112303.0,7761.10009765625,11816.3203125,2449.800048828125,27346.880859375,4171.43994140625,15420.1298828125,3.263,3.239,3.776,3.417
2126.0,2023-02-02,1916.300048828125,59932.23828125,109935.0,7820.2001953125,12200.8203125,2468.8798828125,27402.05078125,4241.1201171875,15595.16015625,3.181,3.207,3.773,3.402
2127.0,2023-02-03,1862.9000244140625,60841.87890625,108490.0,7901.7998046875,12006.9501953125,2480.39990234375,27509.4609375,4257.97998046875,15602.66015625,3.11,3.148,3.951,3.519
2128.0,2023-02-04,1864.0,60730.21875,108478.66666666667,7880.099934895833,11967.116861979166,2466.3299153645835,27570.857421875,4240.470052083333,15532.713541666666,3.116,3.155,4.015666666666666,3.560666666666666
2129.0,2023-02-05,1865.0999755859375,60618.55859375,108467.33333333333,7858.400065104167,11927.283528645834,2452.2599283854165,27632.25390625,4222.960123697917,15462.766927083334,3.116,3.155,4.080333333333333,3.6023333333333336
2130.0,2023-02-06,1866.199951171875,60506.8984375,108456.0,7836.7001953125,11887.4501953125,2438.18994140625,27693.650390625,4205.4501953125,15392.8203125,3.283,3.281,4.145,3.644
2131.0,2023-02-07,1871.699951171875,60286.0390625,107920.0,7864.7001953125,12113.7900390625,2451.7099609375,27685.470703125,4209.31005859375,15400.91015625,3.336,3.303,4.125,3.679
2132.0,2023-02-08,1877.4000244140625,60663.7890625,109882.0,7885.2001953125,11910.51953125,2483.639892578125,27606.4609375,4209.14990234375,15618.169921875,3.343,3.322,4.081,3.615
2133.0,2023-02-09,1866.199951171875,60806.21875,107783.0,7911.2001953125,11789.580078125,2481.52001953125,27584.349609375,4250.14013671875,15598.7099609375,3.4,3.362,4.151,3.664
2134.0,2023-02-10,1862.800048828125,60682.69921875,108150.0,7882.5,11718.1201171875,2469.72998046875,27670.98046875,4197.93994140625,15586.650390625,3.398,3.368,4.21,3.743
2135.0,2023-02-11,1859.1667073567708,60599.079427083336,108382.0,7904.200032552083,11776.010091145834,2464.0533040364585,27589.760416666668,4212.413248697917,15572.527018229166,3.4,3.355,4.208,3.73
2136.0,2023-02-12,1855.5333658854167,60515.459635416664,108614.0,7925.900065104167,11833.900065104166,2458.3766276041665,27508.540364583332,4226.886555989583,15558.403645833334,3.4,3.355,4.206,3.717
2137.0,2023-02-13,1851.9000244140625,60431.83984375,108846.0,7947.60009765625,11891.7900390625,2452.699951171875,27427.3203125,4241.35986328125,15544.2802734375,3.453,3.433,4.204,3.704
2138.0,2023-02-14,1854.0,61032.26171875,107659.0,7953.89990234375,11960.150390625,2465.639892578125,27602.76953125,4238.759765625,15654.48046875,3.429,3.398,4.325,3.753
2139.0,2023-02-15,1834.199951171875,61275.08984375,109442.0,7997.7998046875,12070.58984375,2427.89990234375,27501.859375,4280.0400390625,15432.8896484375,3.497,3.462,4.351,3.803
2140.0,2023-02-16,1842.0,61319.51171875,109905.0,8012.5,11855.830078125,2475.47998046875,27696.439453125,4297.240234375,15550.5,3.505,3.476,4.34,3.863
2141.0,2023-02-17,1840.4000244140625,61002.5703125,109303.0,8004.39990234375,11787.26953125,2451.2099609375,27513.130859375,4274.919921875,15479.7001953125,3.639,3.627,4.313,3.817
2142.0,2023-02-18,1838.5500183105469,60898.893229166664,108872.8,8007.699869791667,11713.527099609375,2452.5133463541665,27519.400390625,4273.67333984375,15503.543619791666,3.637,3.619,4.329,3.8283333333333336
2143.0,2023-02-19,1836.7000122070312,60795.216145833336,108442.6,8010.999837239583,11639.78466796875,2453.8167317708335,27525.669921875,4272.4267578125,15527.387044270834,3.637,3.619,4.345,3.8396666666666666
2144.0,2023-02-20,1834.8500061035156,60691.5390625,108012.4,8014.2998046875,11566.042236328125,2455.1201171875,27531.939453125,4271.18017578125,15551.23046875,3.661,3.621,4.361,3.851
2145.0,2023-02-21,1833.0,60672.71875,107582.2,7977.7998046875,11492.2998046875,2458.9599609375,27473.099609375,4250.39990234375,15563.0,3.624,3.6,4.441,3.954
2146.0,2023-02-22,1832.0,59744.98046875,107152.0,7930.60009765625,11507.0703125,2417.679931640625,27104.3203125,4242.8798828125,15418.76953125,3.656,3.646,4.435,3.927
2147.0,2023-02-23,1818.0,59605.80078125,107720.0,7907.7001953125,11590.400390625,2439.090087890625,27278.900390625,4258.16015625,15615.41015625,3.594,3.588,4.419,3.89
2148.0,2023-02-24,1808.800048828125,59463.9296875,105873.0,7878.7001953125,11394.9404296875,2423.610107421875,27453.48046875,4178.81982421875,15503.7900390625,3.558,3.534,4.534,3.947
2149.0,2023-02-25,1811.5333658854167,59405.403645833336,105819.0,7897.500162760417,11418.953776041666,2416.6200358072915,27443.640625,4201.883138020833,15522.730078125,3.551,3.52,4.524666666666667,3.9386666666666663
2150.0,2023-02-26,1814.2666829427083,59346.877604166664,105765.0,7916.300130208333,11442.967122395834,2409.6299641927085,27433.80078125,4224.946451822917,15541.6701171875,3.551,3.52,4.515333333333333,3.9303333333333335
2151.0,2023-02-27,1817.0,59288.3515625,105711.0,7935.10009765625,11466.98046875,2402.639892578125,27423.9609375,4248.009765625,15560.61015625,3.673,3.608,4.506,3.922
2152.0,2023-02-28,1828.9000244140625,58962.12109375,104932.0,7876.2998046875,11455.5400390625,2412.85009765625,27445.560546875,4238.3798828125,15579.5501953125,3.795,3.751,4.529,3.928
2153.0,2023-03-01,1837.699951171875,59411.078125,104385.0,7914.89990234375,11379.48046875,2420.35009765625,27516.529296875,4215.75,15598.490234375,3.81,3.76,4.602,3.994
2154.0,2023-03-02,1833.5,58909.3515625,103326.0,7944.0,11462.98046875,2427.85009765625,27498.869140625,4240.58984375,15598.7197265625,3.89,3.84,4.634,4.062
2155.0,2023-03-03,1847.699951171875,59808.96875,103866.0,7947.10009765625,11689.009765625,2432.070068359375,27927.470703125,4294.7998046875,15608.419921875,3.792,3.777,4.604,3.958
2156.0,2023-03-04,1847.7666422526042,59947.466145833336,104144.0,7941.333333333333,11684.586588541666,2442.25341796875,28030.906901041668,4301.12646484375,15660.116536458334,3.79,3.772,4.607,3.96
2157.0,2023-03-05,1847.8333333333333,60085.963541666664,104422.0,7935.566569010417,11680.163411458334,2452.436767578125,28134.343098958332,4307.453125,15711.813151041666,3.79,3.772,4.61,3.962
2158.0,2023-03-06,1847.9000244140625,60224.4609375,104700.0,7929.7998046875,11675.740234375,2462.6201171875,28237.779296875,4313.77978515625,15763.509765625,3.782,3.741,4.613,3.964
2159.0,2023-03-07,1813.9000244140625,60286.275390625,104228.0,7919.5,11530.330078125,2463.35009765625,28309.16015625,4278.9599609375,15857.8896484375,3.726,3.662,4.724,3.97
2160.0,2023-03-08,1812.699951171875,60348.08984375,106540.0,7929.89990234375,11576.0,2431.909912109375,28444.189453125,4288.4501953125,15818.2001953125,3.857,3.723,4.741,3.989
2161.0,2023-03-09,1829.300048828125,59806.28125,105071.0,7880.0,11338.349609375,2419.090087890625,28623.150390625,4286.1201171875,15770.66015625,3.863,3.742,4.549,3.907
2162.0,2023-03-10,1862.0,59135.12890625,103618.0,7748.39990234375,11138.8896484375,2394.590087890625,28143.970703125,4229.52978515625,15526.2001953125,3.699,3.583,4.325,3.704
2163.0,2023-03-11,1878.566650390625,58836.036458333336,103452.33333333333,7681.799967447917,11155.539713541666,2399.9267578125,28040.30078125,4185.199869791667,15537.630208333334,3.712,3.582,4.179,3.651
2164.0,2023-03-12,1895.13330078125,58536.944010416664,103286.66666666667,7615.200032552083,11172.189778645834,2405.263427734375,27936.630859375,4140.869954427083,15549.060221354166,3.712,3.582,4.033,3.598
2165.0,2023-03-13,1911.699951171875,58237.8515625,103121.0,7548.60009765625,11188.83984375,2410.60009765625,27832.9609375,4096.5400390625,15560.490234375,3.432,3.398,3.887,3.545
2166.0,2023-03-14,1906.199951171875,57900.19140625,102932.0,7637.10009765625,11428.150390625,2348.969970703125,27222.0390625,4179.47021484375,15360.419921875,3.351,3.303,4.1,3.685
2167.0,2023-03-15,1926.5999755859375,57555.8984375,102675.0,7344.5,11434.0498046875,2379.719970703125,27229.48046875,4034.919921875,15387.58984375,3.476,3.418,3.796,3.462
2168.0,2023-03-16,1919.0,57634.83984375,103435.0,7410.0,11717.2802734375,2377.909912109375,27010.609375,4116.97998046875,15221.1201171875,3.392,3.392,4.004,3.579
2169.0,2023-03-17,1969.800048828125,57989.8984375,101982.0,7335.39990234375,11630.509765625,2395.68994140625,27333.7890625,4064.989990234375,15452.9599609375,3.416,3.407,3.73,3.438
2170.0,2023-03-18,1972.933349609375,57869.58203125,101629.0,7358.233235677083,11645.519856770834,2390.1932779947915,27204.416015625,4083.13330078125,15441.963216145834,3.402,3.405,3.7563333333333335,3.4530000000000003
2171.0,2023-03-19,1976.066650390625,57749.265625,101276.0,7381.066569010417,11660.529947916666,2384.6966145833335,27075.04296875,4101.276611328125,15430.966471354166,3.402,3.405,3.7826666666666666,3.468
2172.0,2023-03-20,1979.199951171875,57628.94921875,100923.0,7403.89990234375,11675.5400390625,2379.199951171875,26945.669921875,4119.419921875,15419.9697265625,3.269,3.305,3.809,3.483
2173.0,2023-03-21,1938.0,58074.6796875,100998.0,7536.2001953125,11860.1103515625,2388.35009765625,27206.1396484375,4181.60009765625,15513.4501953125,3.294,3.304,3.991,3.608
2174.0,2023-03-22,1946.800048828125,58214.58984375,100221.0,7566.7998046875,11669.9599609375,2416.9599609375,27466.609375,4195.7001953125,15760.4599609375,3.29,3.295,3.752,3.451
2175.0,2023-03-23,1993.800048828125,57925.28125,97926.0,7499.60009765625,11787.400390625,2424.47998046875,27419.609375,4207.14013671875,15863.9501953125,3.202,3.262,3.616,3.414
2176.0,2023-03-24,1982.0999755859375,57527.1015625,98829.0,7405.5,11823.9599609375,2414.9599609375,27385.25,4130.6201171875,15914.7001953125,3.155,3.208,3.578,3.372
2177.0,2023-03-25,1972.1999918619792,57569.354166666664,99109.33333333333,7427.599934895833,11805.586588541666,2413.046630859375,27415.789713541668,4141.953450520833,15886.569986979166,3.17,3.222,3.649333333333333,3.427666666666666
2178.0,2023-03-26,1962.3000081380208,57611.606770833336,99389.66666666667,7449.699869791667,11787.213216145834,2411.13330078125,27446.329427083332,4153.286783854167,15858.439778645834,3.17,3.222,3.7206666666666655,3.4833333333333334
2179.0,2023-03-27,1952.4000244140625,57653.859375,99670.0,7471.7998046875,11768.83984375,2409.219970703125,27476.869140625,4164.6201171875,15830.3095703125,3.218,3.257,3.792,3.539
2180.0,2023-03-28,1972.4000244140625,57613.71875,101185.0,7484.2998046875,11716.080078125,2434.93994140625,27518.25,4168.2099609375,15701.48046875,3.259,3.281,3.886,3.572
2181.0,2023-03-29,1966.0999755859375,57960.08984375,101793.0,7564.2998046875,11926.240234375,2443.919921875,27883.779296875,4231.27001953125,15769.759765625,3.255,3.287,3.894,3.566
2182.0,2023-03-30,1980.300048828125,58475.8046875,103713.0,7620.39990234375,12013.4697265625,2453.159912109375,27782.9296875,4285.419921875,15849.4296875,3.24,3.303,3.902,3.547
2183.0,2023-03-31,1969.0,58991.51953125,101882.0,7631.7001953125,12221.91015625,2476.860107421875,28041.48046875,4315.0498046875,15868.0595703125,3.264,3.333,3.799,3.473
2184.0,2023-04-01,1973.9666748046875,59029.826822916664,101756.66666666667,7645.466796875,12211.090169270834,2475.3534342447915,28090.370442708332,4313.716471354167,15858.51123046875,3.29,3.36,3.7756666666666665,3.4536666666666664
2185.0,2023-04-02,1978.933349609375,59068.134114583336,101631.33333333333,7659.2333984375,12200.270182291666,2473.8467610677085,28139.260416666668,4312.383138020833,15848.962890625,3.29,3.36,3.7523333333333335,3.434333333333333
2186.0,2023-04-03,1983.9000244140625,59106.44140625,101506.0,7673.0,12189.4501953125,2472.340087890625,28188.150390625,4311.0498046875,15839.41455078125,3.348,3.392,3.729,3.415
2187.0,2023-04-04,2022.199951171875,59397.875,101869.0,7634.5,12126.330078125,2480.510009765625,28287.419921875,4315.31982421875,15829.8662109375,3.28,3.316,3.597,3.339
2188.0,2023-04-05,2020.9000244140625,59689.30859375,100978.0,7662.89990234375,11996.8603515625,2495.2099609375,27813.259765625,4298.35986328125,15820.31787109375,3.263,3.327,3.574,3.309
2189.0,2023-04-06,2011.9000244140625,59832.96875,100822.0,7741.60009765625,12087.9599609375,2459.22998046875,27472.630859375,4309.4501953125,15810.76953125,3.21,3.278,3.598,3.303
2190.0,2023-04-07,2006.2000122070312,59836.3544921875,101078.25,7750.4201171875,12087.06005859375,2490.409912109375,27518.310546875,4314.2181640625,15836.5,3.24,3.288,3.76,3.413
2191.0,2023-04-08,2000.5,59839.740234375,101334.5,7759.24013671875,12086.16015625,2497.63330078125,27556.760416666668,4318.9861328125,15849.723307291666,3.238,3.292,3.764333333333333,3.4136666666666664
2192.0,2023-04-09,1994.7999877929688,59843.1259765625,101590.75,7768.06015625,12085.26025390625,2504.856689453125,27595.210286458332,4323.7541015625,15862.946614583334,3.238,3.292,3.768666666666667,3.414333333333333
2193.0,2023-04-10,1989.0999755859375,59846.51171875,101847.0,7776.88017578125,12084.3603515625,2512.080078125,27633.66015625,4328.5220703125,15876.169921875,3.199,3.244,3.773,3.415
2194.0,2023-04-11,2004.800048828125,60157.71875,106214.0,7785.7001953125,12031.8798828125,2547.860107421875,27923.369140625,4333.2900390625,15913.8798828125,3.238,3.263,3.787,3.432
2195.0,2023-04-12,2010.9000244140625,60392.76953125,106890.0,7824.7998046875,11929.33984375,2550.639892578125,28082.69921875,4334.02978515625,15932.9697265625,3.226,3.258,3.694,3.4
2196.0,2023-04-13,2041.300048828125,60431.0,106458.0,7843.39990234375,12166.26953125,2561.659912109375,28156.970703125,4363.240234375,15804.759765625,3.196,3.267,3.708,3.449
2197.0,2023-04-14,2002.199951171875,60300.9375,106279.0,7871.89990234375,12123.4697265625,2571.489990234375,28493.470703125,4390.75,15929.4296875,3.215,3.284,3.831,3.515
2198.0,2023-04-15,1999.5332845052083,60170.875,106191.33333333333,7874.433268229167,12134.886393229166,2572.9632975260415,28500.573567708332,4383.03662109375,15940.803059895834,3.21,3.29,3.8636666666666666,3.545333333333333
2199.0,2023-04-16,1996.8666178385417,60040.8125,106103.66666666667,7876.966634114583,12146.303059895834,2574.4366048177085,28507.676432291668,4375.3232421875,15952.176432291666,3.21,3.29,3.896333333333333,3.5756666666666668
2200.0,2023-04-17,1994.199951171875,59910.75,106016.0,7879.5,12157.7197265625,2575.909912109375,28514.779296875,4367.60986328125,15963.5498046875,3.285,3.348,3.929,3.606
2201.0,2023-04-18,2007.4000244140625,59727.01171875,106163.0,7909.39990234375,12153.41015625,2571.090087890625,28658.830078125,4393.9501953125,15869.4404296875,3.294,3.352,3.918,3.578
2202.0,2023-04-19,1995.199951171875,59567.80078125,103913.0,7898.7998046875,12157.23046875,2575.080078125,28606.759765625,4393.56982421875,15770.4697265625,3.333,3.37,3.954,3.591
2203.0,2023-04-20,2007.5999755859375,59632.3515625,104367.0,7902.60009765625,12059.5595703125,2563.110107421875,28657.5703125,4384.85986328125,15707.51953125,3.345,3.417,3.862,3.536
2204.0,2023-04-21,1979.5,59655.05859375,104262.0,7914.10009765625,12072.4599609375,2544.39990234375,28564.369140625,4408.58984375,15602.990234375,3.268,3.345,3.884,3.568
2205.0,2023-04-22,1982.6999918619792,59788.739583333336,104157.0,7913.466796875,12060.706705729166,2537.4332682291665,28574.0859375,4406.326497395833,15610.9501953125,3.25,3.318,3.857,3.544
2206.0,2023-04-23,1985.8999837239583,59922.420572916664,104052.0,7912.83349609375,12048.953450520834,2530.4666341145835,28583.802734375,4404.063151041667,15618.91015625,3.25,3.318,3.83,3.52
2207.0,2023-04-24,1989.0999755859375,60056.1015625,103947.0,7912.2001953125,12037.2001953125,2523.5,28593.51953125,4401.7998046875,15626.8701171875,3.23,3.306,3.803,3.496
2208.0,2023-04-25,1994.0,60130.7109375,103220.0,7891.10009765625,11799.16015625,2489.02001953125,28620.0703125,4377.85009765625,15370.73046875,3.263,3.322,3.641,3.4
2209.0,2023-04-26,1985.699951171875,60300.578125,102312.0,7852.60009765625,11854.349609375,2484.830078125,28416.470703125,4347.7099609375,15374.6298828125,3.259,3.309,3.694,3.445
2210.0,2023-04-27,1989.9000244140625,60649.37890625,102923.0,7831.60009765625,12142.240234375,2495.81005859375,28457.6796875,4358.0498046875,15411.490234375,3.288,3.341,3.814,3.528
2211.0,2023-04-28,1990.0999755859375,61112.44140625,104432.0,7870.60009765625,12226.580078125,2501.530029296875,28856.439453125,4359.31005859375,15579.1796875,3.289,3.355,3.727,3.433
2212.0,2023-04-29,1987.8666585286458,61173.0087890625,103805.75,7846.2000732421875,12221.919921875,2507.2449951171875,28945.352864583332,4343.195068359375,15593.5048828125,3.3,3.367,3.772,3.4786666666666664
2213.0,2023-04-30,1985.6333414713542,61233.576171875,103179.5,7821.800048828125,12217.259765625,2512.9599609375,29034.266276041668,4327.080078125,15607.830078125,3.3,3.367,3.817,3.5243333333333333
2214.0,2023-05-01,1983.4000244140625,61294.1435546875,102553.25,7797.4000244140625,12212.599609375,2518.6749267578125,29123.1796875,4310.965087890625,15622.1552734375,3.3,3.367,3.862,3.57
2215.0,2023-05-02,2014.300048828125,61354.7109375,101927.0,7773.0,12080.509765625,2524.389892578125,29157.94921875,4294.85009765625,15636.48046875,3.335,3.372,3.701,3.433
2216.0,2023-05-03,2028.5999755859375,61193.30078125,101797.0,7788.39990234375,12025.330078125,2501.39990234375,29123.271158854168,4310.18017578125,15553.41015625,3.287,3.329,3.566,3.364
2217.0,2023-05-04,2048.0,61749.25,102174.0,7702.60009765625,11966.400390625,2500.93994140625,29088.593098958332,4287.02978515625,15609.0302734375,3.208,3.28,3.513,3.377
2218.0,2023-05-05,2017.4000244140625,61054.2890625,105148.0,7778.39990234375,12235.41015625,2504.0074462890625,29053.9150390625,4340.43017578125,15626.0703125,3.215,3.277,3.636,3.435
2219.0,2023-05-06,2020.36669921875,61290.942708333336,105446.0,7774.824951171875,12242.580078125,2507.074951171875,29019.236979166668,4343.170084635417,15650.5703125,3.215,3.277,3.662333333333333,3.459
2220.0,2023-05-07,2023.3333740234375,61527.596354166664,105744.0,7771.25,12249.75,2510.1424560546875,28984.558919270832,4345.909993489583,15675.0703125,3.215,3.277,3.6886666666666663,3.483
2221.0,2023-05-08,2026.300048828125,61764.25,106042.0,7767.675048828125,12256.919921875,2513.2099609375,28949.880859375,4348.64990234375,15699.5703125,3.261,3.308,3.715,3.507
2222.0,2023-05-09,2036.199951171875,61761.328125,107114.0,7764.10009765625,12179.5498046875,2510.06005859375,29242.8203125,4323.08984375,15727.7001953125,3.249,3.309,3.721,3.522
2223.0,2023-05-10,2030.5,61940.19921875,107448.0,7741.2998046875,12306.4404296875,2496.510009765625,29122.1796875,4306.759765625,15641.759765625,3.275,3.344,3.57,3.439
2224.0,2023-05-11,2014.699951171875,61904.51953125,108256.0,7730.60009765625,12328.509765625,2491.0,29126.720703125,4309.75,15514.6396484375,3.219,3.289,3.559,3.386
2225.0,2023-05-12,2014.5,62027.8984375,108464.0,7754.60009765625,12284.740234375,2475.419921875,29388.30078125,4317.8798828125,15502.3603515625,3.224,3.271,3.658,3.463
2226.0,2023-05-13,2015.6666666666667,62133.8359375,108652.33333333333,7762.300130208333,12311.5634765625,2476.72998046875,29467.647135416668,4317.389973958333,15493.2568359375,3.23,3.282,3.6626666666666665,3.477666666666667
2227.0,2023-05-14,2016.8333333333333,62239.7734375,108840.66666666667,7770.000162760417,12338.38671875,2478.0400390625,29546.993489583332,4316.900065104167,15484.1533203125,3.23,3.282,3.6673333333333336,3.4923333333333333
2228.0,2023-05-15,2018.0,62345.7109375,109029.0,7777.7001953125,12365.2099609375,2479.35009765625,29626.33984375,4316.41015625,15475.0498046875,3.28,3.332,3.672,3.507
2229.0,2023-05-16,1988.4000244140625,61932.46875,108194.0,7751.10009765625,12343.0498046875,2480.239990234375,29842.990234375,4315.509765625,15673.900390625,3.241,3.305,3.747,3.541
2230.0,2023-05-17,1980.699951171875,61560.640625,109460.0,7723.2001953125,12500.5703125,2494.659912109375,30093.58984375,4323.22998046875,15925.2900390625,3.273,3.318,3.817,3.572
2231.0,2023-05-18,1956.5,61431.73828125,110108.0,7742.2998046875,12688.83984375,2515.39990234375,30573.9296875,4359.264892578125,16101.8798828125,3.317,3.368,3.924,3.651
2232.0,2023-05-19,1978.699951171875,61729.6796875,110745.0,7756.89990234375,12657.900390625,2537.7900390625,30808.349609375,4395.2998046875,16174.919921875,3.345,3.42,3.961,3.682
2233.0,2023-05-20,1977.3999837239583,61807.6796875,110567.66666666667,7761.599934895833,12678.8603515625,2544.2200520833335,30901.173177083332,4392.076497395833,16176.909830729166,3.337,3.415,3.9696666666666665,3.694333333333333
2234.0,2023-05-21,1976.1000162760417,61885.6796875,110390.33333333333,7766.299967447917,12699.8203125,2550.6500651041665,30993.996744791668,4388.853190104167,16178.899739583334,3.337,3.415,3.9783333333333335,3.7066666666666666
2235.0,2023-05-22,1974.800048828125,61963.6796875,110213.0,7771.0,12720.7802734375,2557.080078125,31086.8203125,4385.6298828125,16180.8896484375,3.321,3.399,3.987,3.719
2236.0,2023-05-23,1972.4000244140625,61981.7890625,109929.0,7763.0,12560.25,2567.550048828125,30957.76953125,4342.3798828125,16188.0302734375,3.369,3.468,3.973,3.698
2237.0,2023-05-24,1962.800048828125,61773.78125,108800.0,7627.10009765625,12484.16015625,2567.449951171875,30682.6796875,4263.740234375,16159.3203125,3.371,3.5,4.064,3.744
2238.0,2023-05-25,1943.0999755859375,61872.62109375,110054.0,7570.89990234375,12698.08984375,2554.68994140625,30801.130859375,4269.64013671875,16292.0,3.481,3.598,4.215,3.823
2239.0,2023-05-26,1944.0999755859375,62501.69140625,110906.0,7627.2001953125,12975.6904296875,2558.81005859375,30916.310546875,4337.5,16505.05078125,3.524,3.635,4.246,3.81
2240.0,2023-05-27,1947.5749816894531,62616.587239583336,110715.0,7600.9251708984375,12986.125244140625,2565.487548828125,31022.053385416668,4326.02001953125,16548.80078125,3.527,3.645,4.247,3.8145
2241.0,2023-05-28,1951.0499877929688,62731.483072916664,110524.0,7574.650146484375,12996.56005859375,2572.1650390625,31127.796223958332,4314.5400390625,16592.55078125,3.527,3.645,4.248,3.819
2242.0,2023-05-29,1954.5249938964844,62846.37890625,110333.0,7548.3751220703125,13006.994873046875,2578.842529296875,31233.5390625,4303.06005859375,16636.30078125,3.527,3.645,4.249,3.764
2243.0,2023-05-30,1958.0,62969.12890625,108967.0,7522.10009765625,13017.4296875,2585.52001953125,31328.16015625,4291.580078125,16622.740234375,3.562,3.652,4.117,3.694
2244.0,2023-05-31,1963.9000244140625,62622.23828125,108335.0,7446.10009765625,12935.2900390625,2577.1201171875,30887.880859375,4218.0400390625,16578.9609375,3.461,3.532,4.052,3.646
2245.0,2023-06-01,1978.0,62428.5390625,110565.0,7490.2998046875,13100.98046875,2569.169921875,31148.009765625,4257.60986328125,16512.650390625,3.477,3.549,3.987,3.601
2246.0,2023-06-02,1952.4000244140625,62547.109375,112558.0,7607.2998046875,13240.76953125,2601.360107421875,31524.220703125,4323.52001953125,16706.91015625,3.436,3.495,4.151,3.698
2247.0,2023-06-04,1955.2000122070312,62667.2890625,112627.0,7603.64990234375,13235.099609375,2608.385009765625,31870.8251953125,4308.380126953125,16710.669921875,3.437,3.492,4.1325,3.6935
2248.0,2023-06-05,1958.0,62787.46875,112696.0,7600.0,13229.4296875,2615.409912109375,32217.4296875,4293.240234375,16714.4296875,3.502,3.561,4.114,3.689
2249.0,2023-06-06,1965.5,62792.87890625,114610.0,7628.10009765625,13276.419921875,2615.5050048828125,32506.779296875,4295.22021484375,16761.66015625,3.5,3.55,4.138,3.677
2250.0,2023-06-07,1942.699951171875,63142.9609375,115488.0,7624.2998046875,13104.900390625,2615.60009765625,31913.740234375,4291.91015625,16922.48046875,3.469,3.519,4.219,3.793
2251.0,2023-06-08,1963.5999755859375,62848.640625,116253.5,7599.7001953125,13238.51953125,2610.85009765625,31641.26953125,4297.68017578125,16733.689453125,3.543,3.632,4.17,3.718
2252.0,2023-06-09,1962.199951171875,62625.62890625,117019.0,7562.39990234375,13259.1396484375,2641.159912109375,32265.169921875,4289.7900390625,16886.400390625,3.489,3.591,4.241,3.743
2253.0,2023-06-10,1959.8999837239583,62658.65625,117124.66666666667,7565.166666666667,13326.733072916666,2637.2233072916665,32321.446614583332,4298.690104166667,16909.389973958332,3.489,3.591,4.237333333333333,3.743
2254.0,2023-06-11,1957.6000162760417,62691.68359375,117230.33333333333,7567.933430989583,13394.326497395834,2633.2867024739585,32377.723307291668,4307.590169270833,16932.379557291668,3.489,3.591,4.233666666666667,3.743
2255.0,2023-06-12,1955.300048828125,62724.7109375,117336.0,7570.7001953125,13461.919921875,2629.35009765625,32434.0,4316.490234375,16955.369140625,3.49,3.574,4.23,3.743
2256.0,2023-06-13,1944.5999755859375,63143.16015625,116743.0,7594.7998046875,13573.3203125,2637.949951171875,33018.6484375,4347.5498046875,17216.599609375,3.484,3.578,4.293,3.827
2257.0,2023-06-14,1955.300048828125,63228.51171875,119069.0,7602.7001953125,13626.48046875,2619.080078125,33502.421875,4375.97998046875,17238.140625,3.547,3.637,4.304,3.79
2258.0,2023-06-15,1957.800048828125,62917.62890625,119221.0,7628.2998046875,13782.8203125,2608.5400390625,33485.48828125,4365.1201171875,17334.98046875,3.626,3.683,4.246,3.72
2259.0,2023-06-16,1958.4000244140625,63384.578125,118758.0,7642.7001953125,13689.5703125,2625.7900390625,33706.078125,4394.81982421875,17288.91015625,3.584,3.657,4.316,3.767
2260.0,2023-06-17,1952.6750183105469,63312.485677083336,119124.66666666667,7624.633463541667,13684.000244140625,2620.3600260416665,33594.192708333336,4384.006510416667,17284.126953125,3.588,3.658,4.330333333333333,3.785333333333333
2261.0,2023-06-18,1946.9500122070312,63240.393229166664,119491.33333333333,7606.566731770833,13678.43017578125,2614.9300130208335,33482.307291666664,4373.193196614583,17279.34375,3.588,3.658,4.344666666666667,3.8036666666666665
2262.0,2023-06-19,1941.2250061035156,63168.30078125,119858.0,7588.5,13672.860107421875,2609.5,33370.421875,4362.3798828125,17274.560546875,3.585,3.633,4.359,3.822
2263.0,2023-06-20,1935.5,63327.69921875,119622.0,7569.2998046875,13667.2900390625,2604.909912109375,33388.91015625,4343.14013671875,17184.91015625,3.56,3.641,4.274,3.719
2264.0,2023-06-21,1933.300048828125,63523.1484375,120420.0,7559.2001953125,13502.2001953125,2582.6298828125,33575.140625,4322.75,17202.400390625,3.571,3.621,4.297,3.727
2265.0,2023-06-22,1912.699951171875,63238.890625,118934.0,7502.0,13630.6103515625,2593.699951171875,33264.87890625,4304.47021484375,17173.768359375,3.592,3.647,4.376,3.797
2266.0,2023-06-23,1919.0999755859375,62979.37109375,118977.0,7461.89990234375,13492.51953125,2570.10009765625,32781.5390625,4271.60986328125,17145.136328125,3.606,3.66,4.328,3.737
2267.0,2023-06-24,1920.63330078125,62976.247395833336,118732.33333333333,7459.13330078125,13440.273111979166,2574.1333821614585,32753.962890625,4274.596516927083,17116.504296875,3.612,3.67,4.323333333333333,3.7323333333333335
2268.0,2023-06-25,1922.1666259765625,62973.123697916664,118487.66666666667,7456.36669921875,13388.026692708334,2578.1666666666665,32726.38671875,4277.583170572917,17087.872265625,3.612,3.67,4.318666666666667,3.7276666666666665
2269.0,2023-06-26,1923.699951171875,62970.0,118243.0,7453.60009765625,13335.7802734375,2582.199951171875,32698.810546875,4280.56982421875,17059.240234375,3.568,3.611,4.314,3.723
2270.0,2023-06-27,1914.0,63416.03125,117523.0,7461.5,13555.669921875,2581.389892578125,32538.330078125,4305.259765625,16887.900390625,3.537,3.603,4.394,3.772
2271.0,2023-06-28,1912.300048828125,63915.421875,116681.0,7500.5,13591.75,2564.18994140625,33193.98828125,4344.75,16935.630859375,3.559,3.609,4.329,3.714
2272.0,2023-06-29,1909.199951171875,64316.990234375,118383.0,7471.7001953125,13591.330078125,2550.02001953125,33234.140625,4354.68994140625,16942.30078125,3.584,3.625,4.489,3.842
2273.0,2023-06-30,1921.0999755859375,64718.55859375,118087.0,7531.5,13787.919921875,2564.280029296875,33189.0390625,4399.08984375,16915.5390625,3.674,3.697,4.533,3.841
2274.0,2023-07-01,1921.2999674479167,64880.72265625,118615.66666666667,7530.099934895833,13797.536458333334,2577.010009765625,33377.135416666664,4398.776529947917,16971.759114583332,3.656,3.661,4.547666666666667,3.8466666666666662
2275.0,2023-07-02,1921.4999593098958,65042.88671875,119144.33333333333,7528.699869791667,13807.152994791666,2589.739990234375,33565.231770833336,4398.463216145833,17027.979166666668,3.656,3.661,4.562333333333333,3.8523333333333336
2276.0,2023-07-03,1921.699951171875,65205.05078125,119673.0,7527.2998046875,13816.76953125,2602.469970703125,33753.328125,4398.14990234375,17084.19921875,3.621,3.62,4.577,3.858
2277.0,2023-07-04,1920.6499633789062,65479.05078125,119076.0,7519.7001953125,13804.2099609375,2593.31005859375,33422.51953125,4390.990234375,17140.76953125,3.619,3.621,4.539,3.839
2278.0,2023-07-05,1919.5999755859375,65446.0390625,119549.0,7442.10009765625,13791.650390625,2579.0,33338.69921875,4350.7099609375,17056.4296875,3.625,3.652,4.609,3.934
2279.0,2023-07-06,1908.699951171875,65785.640625,117426.0,7280.5,13679.0400390625,2556.2900390625,32773.01953125,4223.08984375,16762.169921875,3.672,3.709,4.676,4.031
2280.0,2023-07-07,1926.199951171875,65280.44921875,118898.0,7256.89990234375,13660.7197265625,2526.7099609375,32388.419921875,4236.60009765625,16664.2109375,3.735,3.762,4.666,4.066
2281.0,2023-07-08,1925.7999674479167,65301.690104166664,118579.33333333333,7262.533203125,13668.973307291666,2524.7066243489585,32322.190104166668,4243.236653645833,16660.407552083332,3.735,3.758,4.626333333333333,4.044
2282.0,2023-07-09,1925.3999837239583,65322.930989583336,118260.66666666667,7268.16650390625,13677.226888020834,2522.7032877604165,32255.960286458332,4249.873209635417,16656.604166666668,3.735,3.758,4.586666666666667,4.022
2283.0,2023-07-10,1925.0,65344.171875,117942.0,7273.7998046875,13685.48046875,2520.699951171875,32189.73046875,4256.509765625,16652.80078125,3.792,3.854,4.547,4.0
2284.0,2023-07-11,1931.300048828125,65617.84375,117220.0,7282.5,13760.7001953125,2562.489990234375,32203.5703125,4286.56005859375,16898.91015625,3.705,3.757,4.559,3.978
2285.0,2023-07-12,1956.199951171875,65393.8984375,117666.0,7416.10009765625,13918.9599609375,2574.719970703125,31943.9296875,4360.4599609375,16962.029296875,3.701,3.751,4.385,3.861
2286.0,2023-07-13,1959.199951171875,65558.890625,119264.0,7440.2001953125,14138.5703125,2591.22998046875,32419.330078125,4391.759765625,17061.400390625,3.6,3.654,4.247,3.767
2287.0,2023-07-14,1960.0999755859375,66060.8984375,117711.0,7434.60009765625,14113.7001953125,2628.300048828125,32391.259765625,4400.10986328125,17283.7109375,3.614,3.685,4.376,3.83
2288.0,2023-07-15,1957.5333251953125,66237.2421875,117880.33333333333,7425.200032552083,14157.4501953125,2625.2000325520835,32416.91748046875,4385.669921875,17300.5703125,3.615,3.69,4.363666666666667,3.823
2289.0,2023-07-16,1954.9666748046875,66413.5859375,118049.66666666667,7415.799967447917,14201.2001953125,2622.1000162760415,32442.5751953125,4371.22998046875,17317.4296875,3.615,3.69,4.351333333333334,3.816
2290.0,2023-07-17,1952.4000244140625,66589.9296875,118219.0,7406.39990234375,14244.9501953125,2619.0,32468.23291015625,4356.7900390625,17334.2890625,3.616,3.664,4.339,3.809
2291.0,2023-07-18,1977.199951171875,66795.140625,117841.0,7453.7001953125,14353.6396484375,2607.6201171875,32493.890625,4369.72998046875,17227.91015625,3.594,3.651,4.348,3.789
2292.0,2023-07-19,1977.5,67097.4375,117552.0,7588.2001953125,14358.01953125,2608.239990234375,32896.03125,4362.27978515625,17116.439453125,3.542,3.57,4.342,3.748
2293.0,2023-07-20,1968.300048828125,67571.8984375,118083.0,7646.10009765625,14063.3095703125,2600.22998046875,32490.51953125,4373.72998046875,17164.890625,3.58,3.602,4.455,3.856
2294.0,2023-07-21,1964.300048828125,66684.2578125,120217.0,7663.7001953125,14032.8095703125,2609.760009765625,32304.25,4391.41015625,17030.69921875,3.602,3.637,4.446,3.837
2295.0,2023-07-22,1962.9667154947917,66584.43229166667,120592.0,7668.666829427083,14041.496419270834,2616.0166829427085,32436.479817708332,4388.61669921875,17031.669270833332,3.602,3.635,4.471333333333333,3.8506666666666662
2296.0,2023-07-23,1961.6333821614583,66484.60677083333,120967.0,7673.633463541667,14050.183268229166,2622.2733561197915,32568.709635416668,4385.8232421875,17032.639322916668,3.602,3.635,4.496666666666667,3.8643333333333336
2297.0,2023-07-24,1960.300048828125,66384.78125,121342.0,7678.60009765625,14058.8701171875,2628.530029296875,32700.939453125,4383.02978515625,17033.609375,3.615,3.635,4.522,3.878
2298.0,2023-07-25,1962.0999755859375,66355.7109375,122008.0,7691.7998046875,14144.5595703125,2636.4599609375,32682.509765625,4391.2998046875,17198.890625,3.646,3.683,4.531,3.89
2299.0,2023-07-26,1968.9000244140625,66707.203125,122560.0,7676.89990234375,14127.2802734375,2592.360107421875,32668.33984375,4346.14990234375,17162.55078125,3.626,3.66,4.488,3.873
2300.0,2023-07-27,1945.4000244140625,66266.8203125,119990.0,7692.7998046875,14050.1103515625,2603.81005859375,32891.16015625,4447.43994140625,17241.8203125,3.587,3.637,4.579,4.002
2301.0,2023-07-28,1960.4000244140625,66160.203125,120187.0,7694.2998046875,14316.66015625,2608.320068359375,32759.23046875,4466.5,17292.9296875,3.633,3.727,4.528,3.957
2302.0,2023-07-29,1963.7666829427083,66282.69270833333,120772.33333333333,7695.999837239583,14326.446614583334,2616.40673828125,32896.893229166664,4468.103352864583,17243.763020833332,3.633,3.731,4.528,3.960333333333333
2303.0,2023-07-30,1967.1333414713542,66405.18229166667,121357.66666666667,7697.699869791667,14336.233072916666,2624.493408203125,33034.555989583336,4469.706705729167,17194.596354166668,3.633,3.731,4.528,3.9636666666666662
2304.0,2023-07-31,1970.5,66527.671875,121943.0,7699.39990234375,14346.01953125,2632.580078125,33172.21875,4471.31005859375,17145.4296875,3.68,3.758,4.528,3.967
2305.0,2023-08-01,1940.699951171875,66459.3125,121248.0,7666.2998046875,14283.91015625,2667.070068359375,33476.578125,4403.905029296875,17212.869140625,3.646,3.723,4.568,4.037
2306.0,2023-08-02,1937.4000244140625,65782.78125,120859.0,7561.60009765625,13973.4501953125,2616.469970703125,32707.689453125,4336.5,16893.73046875,3.681,3.799,4.556,4.09
2307.0,2023-08-03,1932.0,65240.6796875,120586.0,7529.2001953125,13959.7197265625,2605.389892578125,32159.279296875,4304.6298828125,16868.705078125,3.7,3.832,4.576,4.179
2308.0,2023-08-04,1939.5999755859375,65721.25,119508.0,7564.39990234375,13909.240234375,2602.800048828125,32192.75,4332.91015625,16843.6796875,3.74,3.88,4.45,4.042
2309.0,2023-08-05,1937.566650390625,65798.65885416667,119465.33333333333,7561.099934895833,13937.626953125,2595.4366861979165,32213.353515625,4334.440104166667,16894.453125,3.737,3.874,4.454666666666667,4.060333333333333
2310.0,2023-08-06,1935.5333251953125,65876.06770833333,119422.66666666667,7557.799967447917,13966.013671875,2588.0733235677085,32233.95703125,4335.970052083333,16945.2265625,3.737,3.874,4.459333333333333,4.078666666666667
2311.0,2023-08-07,1933.5,65953.4765625,119380.0,7554.5,13994.400390625,2580.7099609375,32254.560546875,4337.5,16996.0,3.687,3.812,4.464,4.097
2312.0,2023-08-08,1924.0999755859375,65846.5,119090.0,7527.39990234375,13884.3203125,2573.97998046875,32377.2890625,4288.85009765625,16877.0703125,3.647,3.74,4.419,4.028
2313.0,2023-08-09,1915.4000244140625,65995.8125,118409.0,7587.2998046875,13722.01953125,2605.1201171875,32204.330078125,4317.330078125,16870.939453125,3.67,3.768,4.44,4.016
2314.0,2023-08-10,1914.4000244140625,65688.1796875,118350.0,7618.60009765625,13737.990234375,2601.56005859375,32473.650390625,4384.0400390625,16634.69921875,3.692,3.786,4.513,4.107
2315.0,2023-08-11,1912.9000244140625,65322.6484375,118065.0,7524.2001953125,13644.849609375,2591.260009765625,32370.21533203125,4321.330078125,16601.25,3.7,3.826,4.575,4.158
2316.0,2023-08-12,1912.1333414713542,65349.072916666664,117646.66666666667,7518.533528645833,13692.676432291666,2584.46337890625,32266.7802734375,4324.296712239583,16532.053385416668,3.695,3.82,4.601333333333334,4.172333333333333
2317.0,2023-08-13,1911.3666585286458,65375.497395833336,117228.33333333333,7512.866861979167,13740.503255208334,2577.666748046875,32163.34521484375,4327.263346354167,16462.856770833332,3.695,3.82,4.627666666666666,4.1866666666666665
2318.0,2023-08-14,1910.5999755859375,65401.921875,116810.0,7507.2001953125,13788.330078125,2570.8701171875,32059.91015625,4330.22998046875,16393.66015625,3.743,3.879,4.654,4.201
2319.0,2023-08-15,1902.5,65470.671875,116171.0,7389.60009765625,13631.0498046875,2548.2550048828125,32238.890625,4288.56982421875,16454.80078125,3.749,3.9,4.652,4.219
2320.0,2023-08-16,1896.0999755859375,65539.421875,115592.0,7356.89990234375,13474.6298828125,2525.639892578125,31766.8203125,4284.27001953125,16446.779296875,3.717,3.876,4.669,4.258
2321.0,2023-08-17,1884.0999755859375,65151.01953125,114982.0,7310.2001953125,13316.9296875,2519.85009765625,31626.0,4227.830078125,16516.66015625,3.791,3.986,4.658,4.284
2322.0,2023-08-18,1886.0999755859375,64948.66015625,115409.0,7262.39990234375,13290.7802734375,2504.5,31450.759765625,4212.9501953125,16381.3095703125,3.732,3.918,4.647,4.251
2323.0,2023-08-19,1888.5,65037.803385416664,115082.33333333333,7260.866536458333,13359.716796875,2505.933349609375,31489.053385416668,4216.923502604167,16381.369791666666,3.726,3.905,4.6706666666666665,4.281333333333333
2324.0,2023-08-20,1890.9000244140625,65126.946614583336,114755.66666666667,7259.333170572917,13428.6533203125,2507.36669921875,31527.347005208332,4220.896809895833,16381.430013020834,3.726,3.905,4.694333333333334,4.3116666666666665
2325.0,2023-08-21,1893.300048828125,65216.08984375,114429.0,7257.7998046875,13497.58984375,2508.800048828125,31565.640625,4224.8701171875,16381.490234375,3.799,3.977,4.718,4.342
2326.0,2023-08-22,1896.4000244140625,65220.03125,116156.0,7270.7998046875,13505.8701171875,2515.739990234375,31856.7109375,4260.3701171875,16437.609375,3.803,3.986,4.761,4.332
2327.0,2023-08-23,1918.5,65433.30078125,118135.0,7320.5,13721.0302734375,2505.5,32010.259765625,4266.669921875,16576.900390625,3.766,3.913,4.659,4.196
2328.0,2023-08-24,1918.199951171875,65252.33984375,117026.0,7333.60009765625,13463.9697265625,2537.679931640625,32287.2109375,4232.22021484375,16770.869140625,3.761,3.88,4.705,4.241
2329.0,2023-08-25,1911.0999755859375,64886.51171875,115837.0,7338.60009765625,13590.650390625,2519.139892578125,31624.279296875,4236.25,16481.580078125,3.788,3.934,4.737,4.231
2330.0,2023-08-26,1913.3666585286458,64923.208333333336,116265.0,7370.2000732421875,13628.810221354166,2527.2298990885415,31806.182942708332,4255.396647135417,16490.806640625,3.79,3.933,4.725666666666667,4.222666666666667
2331.0,2023-08-27,1915.6333414713542,64959.904947916664,116693.0,7401.800048828125,13666.970052083334,2535.3199055989585,31988.086588541668,4274.543294270833,16500.033203125,3.79,3.933,4.714333333333333,4.214333333333333
2332.0,2023-08-28,1917.9000244140625,64996.6015625,117121.0,7433.4000244140625,13705.1298828125,2543.409912109375,32169.990234375,4293.68994140625,16509.259765625,3.759,3.871,4.703,4.206
2333.0,2023-08-29,1936.5,65075.8203125,118404.0,7465.0,13943.759765625,2552.159912109375,32226.970703125,4326.47021484375,16623.650390625,3.736,3.833,4.583,4.12
2334.0,2023-08-30,1944.300048828125,65087.25,117535.0,7473.7001953125,14019.3095703125,2561.219970703125,32333.4609375,4315.31005859375,16719.8203125,3.73,3.846,4.565,4.112
2335.0,2023-08-31,1938.199951171875,64831.41015625,115742.0,7439.10009765625,14034.9697265625,2556.27001953125,32619.33984375,4297.10986328125,16634.509765625,3.707,3.822,4.554,4.106
2336.0,2023-09-01,1939.800048828125,65387.16015625,117893.0,7464.5,14031.8095703125,2563.7099609375,32710.619140625,4282.64013671875,16644.939453125,3.689,3.776,4.581,4.181
2337.0,2023-09-02,1936.4000244140625,65467.486979166664,117854.33333333333,7460.599934895833,14029.0947265625,2570.6566569010415,32786.805989583336,4281.716796875,16693.189453125,3.687,3.78,4.592333333333333,4.184
2338.0,2023-09-03,1933.0,65547.81380208333,117815.66666666667,7456.699869791667,14026.3798828125,2577.6033528645835,32862.992838541664,4280.79345703125,16741.439453125,3.687,3.78,4.603666666666667,4.187
2339.0,2023-09-04,1929.5999755859375,65628.140625,117777.0,7452.7998046875,14023.6650390625,2584.550048828125,32939.1796875,4279.8701171875,16789.689453125,3.74,3.856,4.615,4.206
2340.0,2023-09-05,1926.199951171875,65780.2578125,117331.0,7437.89990234375,14020.9501953125,2582.179931640625,33036.76171875,4269.16015625,16791.609375,3.761,3.888,4.664,4.266
2341.0,2023-09-06,1918.0999755859375,65880.5234375,115985.0,7426.10009765625,13872.4697265625,2563.340087890625,33241.01953125,4238.259765625,16738.16015625,3.757,3.883,4.743,4.296
2342.0,2023-09-07,1917.5,66265.5625,115649.0,7441.7001953125,13748.830078125,2548.260009765625,32991.078125,4221.02001953125,16619.140625,3.849,3.977,4.67,4.25
2343.0,2023-09-08,1918.4000244140625,66598.90625,115313.0,7478.2001953125,13761.5302734375,2547.679931640625,32606.83984375,4237.18994140625,16576.01953125,3.794,3.896,4.697,4.26
2344.0,2023-09-09,1920.0333658854167,66774.96354166667,115836.33333333333,7484.433430989583,13813.650065104166,2550.74658203125,32560.479817708332,4242.9033203125,16528.329427083332,3.79,3.886,4.701,4.271333333333333
2345.0,2023-09-10,1921.6667073567708,66951.02083333333,116359.66666666667,7490.666666666667,13865.769856770834,2553.813232421875,32514.119791666668,4248.61669921875,16480.639322916668,3.79,3.886,4.705,4.282666666666667
2346.0,2023-09-11,1923.300048828125,67127.078125,116883.0,7496.89990234375,13917.8896484375,2556.8798828125,32467.759765625,4254.330078125,16432.94921875,3.869,3.97,4.709,4.294
2347.0,2023-09-12,1916.2000122070312,67297.03515625,117529.5,7511.449951171875,13865.73974609375,2545.7899169921875,32587.1396484375,4238.905029296875,16507.2294921875,3.863,3.962,4.693,4.28
2347.0,2023-09-13,1909.0999755859375,67466.9921875,118176.0,7526.0,13813.58984375,2534.699951171875,32706.51953125,4223.47998046875,16581.509765625,3.863,3.962,4.693,4.28
2347.0,2023-09-14,1910.0,67519.0,119392.0,7673.10009765625,13926.0498046875,2572.889892578125,33168.1015625,4279.75,16807.560546875,3.863,3.962,4.693,4.28
2347.0,2023-09-15,1923.699951171875,67838.6328125,118758.0,7711.39990234375,13708.330078125,2601.280029296875,33533.08984375,4295.0498046875,16920.919921875,3.863,3.962,4.693,4.28
